Username Password
ACADIA_ATTENDEE 112233
ACADIA_PRESENTER 131491
ACADIA_HOST 111231
HosseinKamyab hosseinkamyab96@gmail.com
XunLiu xl4xw@virginia.edu
JoseLuisRangel joseluisrangel@gmail.com
VernelleNoel vernelle@gmail.com
SumanthMysoreKrishna smysorek@alumni.risd.edu
BehnazFarahi behnaz.farahi@csulb.edu
BegumMoralioglu moralioglu@itu.edu.tr
GhazalJavidannia gh.javidan.official@gmail.com
CamilaAndino camilaandinod@gmail.com
ShaiYeshayahu shaiyes@ryerson.ca
TomShaked shakedtom@campus.technion.ac.il
StephenMatthewWisniew smw221@miami.edu
HarishKarthickVijay harish2000vijay@gmail.com
FatemeGhotbi ftmghotbi@gmail.com
ImanSheikhansar imansheikhansari@gmail.com
MahanMashayekh mahan.mashayekh@stud.th-owl.de
SutanukaJashu sutanukajashu@gmail.com
ReyhanehMoazami rayhaneh.moazami@gmail.com
HalehHeidarabadi haleh.heidarabadi74@gmail.com
FernandoGomez gfeehr@gmail.com
JuneGrant jgrant@blink-lab.com
SepidehSedghimehr s.sedghimehr@gmail.com
FarazKhojastehFar faraz.khojasteh@aol.com
RezaTaghavifard reza.taghavifard96@gmail.com
AliNakhaee alinakhaee0@gmail.com
JavadEbrahimi eb.javad9@gmail.com
NadezhdaKutyreva nadia.kutyreva@gmail.com
JeremyChen jcmchen@berkeley.edu
ParastooSamadi parastoo752009@gmail.com
FaezehSadeghi faezeh.sadeghi@aalto.fi
CharneleLukman charnele.lukman@stud.th-owl.de
YasamanAmirzehni yasaman.amrz@yahoo.com
CamilaMartinez camila.97ma@gmail.com
IsraaEl-Maghraby israa.elmaghraby@gmail.com
DavidKirk u0801546@utah.edu
SoroushReaisi soroush.reaisi@gmail.com
CarolineSenyszyn carolinesenyszyn@utexas.edu
InnaPevzner innapevzner@utexas.edu
MariaVictoriaSantillan v.santillan@utexas.edu
RashmiGajare rashmigajare@utexas.edu
JonathanMalott jonathanmalott@utexas.edu
KathleenDanziger kathleendanziger@gmail.com
GraceAlexander gracealexander@utexas.edu
JoMccallum jo.mccallum@qut.edu.au
VaaniVedula vaani01@utexas.edu
ThanhLe thanhle@utexas.edu
JessiHelmrich jhelmrich@utexas.edu
NilenVarade nilenvarade@utexas.edu
SelenErcan ercan@arch.ethz.ch
LuisOrozco lui.orozco91@gmail.com
MelannieRuiz melannie.mr.ruiz29@utexas.edu
JonDasher jonadasher@utexas.edu
MariaIlwikalVerhulstBabb verhulst.ilwikal@gmail.com
ShadiNaghiloo shadi.naghiloo@yahoo.com
Chi-ShenNi shen-ni@utexas.edu
MehraveMokhtarian mehrave.mokhtarian@gmail.com
JuliaSzeto jszeto@utexas.edu
LeonelaMiluzkaBerrocalSoria a20165883@pucp.edu.pe
AmeliaGan ameliagan@gsd.harvard.edu
ShravanArun sarun2@illinois.edu
MorganeGeorge morgane.george@gmx.fr
ChukwuemekaChukwuemeka chukwuemeka.cv@student.kuleuven.be
DhruvVairagi dhruvvairagi@utexas.edu
MarinaDeCarvalho marinabrant1@gmail.com
KayleeTucker katucke2@illinois.edu
YinYu yin_yu@ucsb.edu
TaehyunRyou tdryou@utexas.edu
HeatherGathman hfg2@illinois.edu
YuxuanWang wyxwang@upenn.edu
KritikaKharbanda kkharbanda.2020@gmail.com
MelodyMorgan melody.morgan@unlv.edu
MasoodHeidarpoor masoodhp@ymail.com
BoyuanYu yuboyuan97@gmail.com
AlexandraCabrera-Martinez alcama6078@gmail.com
ParisaAhmadpour parisa.ahmadpour@gmail.com
KristinaShea kshea@ethz.ch
YuZhang yuzhang@ethz.ch
SeyedpooyanKazemisangedehi seyedpooyan.kazemi@polimi.it
TinaShen mshen@cca.edu
RodolfoRodríGuez rodolfo.rodriguezarq117@gmail.com
LindaBeall lbeall7@aol.com
SuleimanAlhadidi alhadidi@gsd.harvard.edu
JoseLuisGarciaDelCastilloLopez jgarciadelcasti@gsd.harvard.edu
YuruiXie yuruixiedesign@gmail.com
FrankQuek frankquek94@gmail.com
YannBlanchi yann.blanchi@etu.u-paris.fr
PoojaYadgire poojayadgire.bnca@gmail.com
HosseinArshadi hosseinarshadi333@gmail.com
JoséHernáNdezVargas joseh@kth.se
AliGhadamyari alirahi32@gmail.com
RomyKaiser r.kaiser1@newcastle.ac.uk
HazemZureiqat hazem@purdue.edu
NicholasGeorge ngeorge3@tulane.edu
TatianaChumachenko itanyaitanyai@gmail.com
VeroniqueDiril diril.bernie@gmail.com
PerryHammond perryh@vt.edu
MohamedKhaled imohamedkhalled@gmail.com
JariPrachasartta jprac@mit.edu
SarineVosgueritchian sarinv@mit.edu
SelinSahin ssahin@mit.edu
BiaynaBogosian bbogosia@fiu.edu
AnaCarneiro carolinaaccc@gmail.com
JamesMustillo jamesmustillo@utexas.edu
DewiKhushiLestari dewikhushi.lestari@gmail.com
FatemehHaghighi nazanin.haghighi1@gmail.com
ZahraShirzadnia zahrashirzadnia75@gmail.com
CarolinaGarcíA carolina.garciaa@udem.edu
ChandanaRao crao@umich.edu
GhassanAlserayhi ghassanm@umich.edu
StutiBindlish bstuti@umich.edu
SaranMeghaParimi smimegha@umich.edu
WeiZhang welzhang@umich.edu
ConnorTuthill tuthillc@umich.edu
FernandoRosas frosas@umich.edu
ShelbyEDoyle doyle@iastate.edu
MeganClevenger megclev@umich.edu
SongGao songgao@umich.edu
AdamMarcus amarcus2@cca.edu
NikshithReddy nikshithreddy500@gmail.com
SaptarshiBiswas saptarshibiswas617@gmail.com
AliFahmy alifahmy@umich.edu
ShokoufehBozorgmehrian shbozorgmehrian@vt.edu
JackHatcher john.w.hatcher@gmail.com
YitianMa mayitian@cca.edu
KushalJhaveri kushaaljhaveri@cca.edu
VinuriNilanikaGoonetilleke nilanikavg@yahoo.com
NeleGöRtzen nelegoertzen@gmx.de
MalgorzataZboinska malgorzata.zboinska@chalmers.se
JenniferWywiol jennifer.wywiol@stud.th-luebeck.de
JingwenSong jingwens@umich.edu
QianLi uniqli@umich.edu
PrathamKumarRathi prathamkumar.1rw20at.rvca@rvei.edu.in
SachinDabas sdabas@andrew.cmu.edu
JhoanSebastianRougsMercado jhoanrougs@gmail.com
YuChiehLin d10813011@gapps.ntust.edu.tw
LaurinAman laurina@umich.edu
AyushPattnaik passiveguy12@gmail.com
ZahraMohtadi z.mohtadi@yahoo.com
MahmoudAboEl-Alaa murdou2018@gmail.com
AustinVogelsang avogelsa@umich.edu
AmaliaPulgar amaliapulgar@gmail.com
SasilMatagarza sasil.matagarza@udem.edu
ChristophKlemmt klemmtch@ucmail.uc.edu
DanielMartinez daniel.martinezreyes@udem.edu
JingZhiTay jingzhi_tay@mymail.sutd.edu.sg
EdytaAugustynowicz edytaau@gmail.com
SilvioCarta s.carta@herts.ac.uk
MateenCheema ache0044@student.monash.edu
RendyPerdanaKhidmat rendyperdanakhidmat@gmail.com
KristenForward kristen.4ward@gmail.com
AldenGendreau alden.gendreau@cca.edu
AssiaCrawford a.stefanova@newcastle.ac.uk
MaryaKanakis mkanakis@gsd.harvard.edu
ArashAdel aaadel@umich.edu
MonaGhandi mona.ghandi@wsu.edu
GabriellaRossi garo@kglakademi.dk
HelenaWesterlind helena.westerlind@arch.kth.se
ZhenxiangHuang zh366@cornell.edu
YujieWang yujiew@mit.edu
AileenHoenerloh a.t.hoenerloh2@newcastle.ac.uk
BKhaksar b.khaksar90@gmail.com
DonaAl-Alula dona.alalula.19@ucl.ac.uk
KiiKang kwkng@mit.edu
AnnaMytcul annamytc@buffalo.edu
AricReed arreed@umich.edu
SeleneRowan srowan4@vols.utk.edu
ArastooKhajehee arastookhajehee@keio.jp
DamianGranosik granosikdamian@gmail.com
KamonNartnarumit kamon@umich.edu
KatieMacdonald km4wu@virginia.edu
JessicaDuschean duschean@umich.edu
SamWilcock el18sw@leeds.ac.uk
ShicongCao shicong0720@gmail.com
YeldaGin yg362@cam.ac.uk
ChaoyuDu chaoyu.du@arch.ethz.ch
SorsothikorsotheaveasHuort theaveas.so@gmail.com
AidaIssakhankyzy aidaissakhankyzy@gmail.com
TimMooney timmooney052@gmail.com
ShoroukKhedr shoroukmohamad88@gmail.com
JohnReyLingad johnrey.lingad@gmail.com
AmaanZakir amaan.zakir@yahoo.com
MarkHorgan public@markhorgan.com
WilliamBanks will.banks@mail.utoronto.ca
MariaSmigielska maria.smigielska@fhnw.ch
ChinmayChowdhary chinmay.chowdhary@mail.polimi.it
DmitriyTsaturov tsaturov.dmitriy@gmail.com
BrancoCavagnero brancocavagnero@hotmail.com
JahidHassanShetal jhshetal40@gmail.com
ZishanAliAlam zishanali593@gmail.com
ArunLilaRai arun_lila.rai@mailbox.tu-dresden.de
Francesca-ElenaComan francesca.coman18@gmail.com
DominikReisach dominik.reisach@gmail.com
TommyHielscher thie7042@uni.sydney.edu.au
MelihKamaoglu melih.kamaoglu.20@ucl.ac.uk
QinglingWang wangqingling17@gmail.com
AshleyGrover ashley.grover@stud.th-owl.de
YongwonJeong yjeong6@hawk.iit.edu
YenChou chinghanglee@gmail.com
ShaileshSancheti shailesh.sancheti06@gmail.com
ManalHilab dr.manel.hi@gmail.com
PaulHesse paul_hesse@live.com
JaysneeBhima jaysneebhima@gmail.com
KinjalDalal kinjal.dalal@bayes.city.ac.uk
MehdiMirzajani mirzajani.mehdi@gmail.com
SefaErcan sefa.ercan66@gmail.com
KadirhanOrhan kadirhanorhan@gmail.com
MichiWang meganwangs@gmail.com
StefanyStoyanov stefany.stoyanov@udem.edu
DanielUranga danieluranga19@gmail.com
AliDegermenci degermenciali@gmail.com
VaibhavSaini sainispa@gmail.com
AyaShaker aya.a.shaker@gmail.com
AnaAnton anton@arch.ethz.ch
EmilKorkis cn15ek@leeds.ac.uk
MaryamAljomairi mjomairi@mit.edu
KimballKaiser kkaiser@mit.edu
MartinRojas martin.rojasc@udem.edu
YulunLiu arialiu@upenn.edu
DanielEscobar descobar01490@gmail.com
LidiaAtanasova lidia.atanasova@tum.de
AchilleasXydis axydis@ethz.ch
GraceWong graceck.wong@mail.utoronto.ca
MichelleLiu sam.michelle.liu@gmail.com
JasmineSykes jasmine.g.sykes@gmail.com
MehrnaAdli m.adli@mail.utoronto.ca
JordanMckay jordan.mckay@mail.utoronto.ca
DimaGhazal dima_ghazal@yahoo.com
NadaBasamh nadabasamh@hotmail.com
MeganYe megan.ye@mail.utoronto.ca
AndreiaAfonso andreia.afonso@mail.utoronto.ca
LuDu dukang1303@gmail.com
EmilyPellicano ecsmith@syr.edu
KathyVelikov kvelikov@umich.edu
ZainKarsan zainkarsan7@gmail.com
JuanBarron juanba1661@gmail.com
KemengGao kemeng.gao@mail.utoronto.ca
NicholasBruscia nbruscia@buffalo.edu
JacobGasper archigasper@gmail.com
EduardoOlivaresGuerrero eduardo.olivaresg@udem.edu
DanielaMitterberger daniemit@ethz.ch
EstefaniaFlores estefania.floresg@udem.edu
KatarinaRichter-Lunn krichterlunn@gsd.harvard.edu
JayanaveenaaP jayanaveenaa.spad@gmail.com
MikhaelJohanes mikhael.johanes@epfl.ch
PhilippRennen p.rennen@tu-braunschweig.de
LeslieLok wll36@cornell.edu
ZidongLiu xiaopihaimonkey@gmail.com
HassanAnifowose hassancortex@tamu.edu
MatthewGordon mattjosephgordon@gmail.com
GrzegorzLochnicki grzegorz.lochnicki1@gmail.com
FrankMelendez fmelendez@ccny.cuny.edu
KarolaDierichs karola.dierichs@hu-berlin.de
NateImai nate.imai@ttu.edu
DonghwiKang danhwee9@gmail.com
CyleKing csking@iastate.edu
QiYang qy244@cornell.edu
NickSafley rsafley@kent.edu
NiccoloDambrosio nicc.dam@gmail.com
GarvinGoepel garvin.goepel@link.cuhk.edu.hk
ShirinShevidi shirin.shevidi@gmail.com
RobertoVargasCalvo robert.en.var@gmail.com
BenediktKiefer b.kiefer@student.tugraz.at
RidvanKahraman rkahraman2017@gmail.com
DavidAndresDeLeon david.andres.leon@iaac.net
AnanyaKango ananyakango@gmail.com
KyleSchumann ks7hg@virginia.edu
DenizArslan deniz.e.arslan@gmail.com
AliciaNahmadVazquez alicia.nahmadvazquez@ucalgary.ca
ZehaoQin zqin@fosterandpartners.com
DavidGillespie dagillespie@fosterandpartners.com
ShahzebKhan shahzeb.khan@bilkent.edu.tr
JonathanDaramanKyvik jd@kyvik.net
HyojinKwon hkwon@gsd.harvard.edu
MengdaWang ucbqmw5@ucl.ac.uk
MostafaAkbari akbariae@design.upenn.edu
KlaraMundilova kmundil@mit.edu
NegarKalantar kalantar@cca.edu
LavenderTessmer ltessmer@mit.edu
ThomasIntal thomas.intal@gmail.com
JamesBarnes jb2nf@virginia.edu
AvijitChakrabarty avijit.chakrabarty@mail.utoronto.ca
MariaYablonina maria.yablonina@daniels.utoronto.ca
KarenLeeBar-Sinai bar-sinai@technion.ac.il
BrankoKolarevic branko@njit.edu
FelipeRomero felipe.romero@students.iaac.net
OzanBalci obalci95@gmail.com
NikiApostolopoulou napostolo@ethz.ch
GregoryBianchi bianchig@ethz.ch
BrianSlocum bs@diverseprojects.net
EmilieTamtik emilie.tamtik@mail.utoronto.ca
RuiTang rrui.tang@mail.utoronto.ca
JuanyanLiu danielliu0718@gmail.com
KoryBieg bieg@utexas.edu
YounessYousefi youness.yousefi@ucalgary.ca
Marc-EdouardSchultheiss marc-edouard.schultheiss@epfl.ch
DogaTuven tuvendoga@gmail.com
RitaAndrade randrade@ethz.ch
InaCheibas cheibas@arch.ethz.ch
ShermeenYousif syousif@fau.edu
Chien-HuaHuang chienhua.huang91@gmail.com
TszManVincentIp vip@nbbj.com
BenedictTan benedict_tan@mymail.sutd.edu.sg
SarahKott-Tannenbaum skott@nbbj.com
JiangyueMao maojy@umich.edu
NicolasTurchi turchinicolas@gmail.com
HemantJindal hemant.jindal@aaschool.ac.uk
NamjooKim njooo.kim@gmail.com
DenitsaKoleva deniklv@hotmail.com
YingdongSu yisu@student.ethz.ch
SineadNicholson skn26@kent.ac.uk
RachelSau rachel.sau@mail.utoronto.ca
AmeliaChung ameliaa.chung@mail.utoronto.ca
LarissaHo loktinlarissa.ho@mail.utoronto.ca
JessicaBabe jessica.babe@mail.utoronto.ca
MaxenceGrangeot maxence.grangeot@epfl.ch
MarianaPopescu m.a.popescu@tudelft.nl
SaharHakimpour sahar.hakimpour@mail.utoronto.ca
YoungjuneLee youngjnlee@gmail.com
AshishGangwar ashish.gangwar@mail.utoronto.ca
AnirudhaAgara aaga8973@uni.sydney.edu.au
ShotaShiratroi shiratori.s.aa@m.titech.ac.jp
RonanBolañOs ronanb@unam.mx
ZhenxiaoYang zhenxiao.yang@mail.utoronto.ca
PaulHudson paul.hudson@student.csulb.edu
AdrianSmith superadriano@gmail.com
JannaFahmy jfahmy@uwaterloo.ca
AlessandroGuttilla aguttill@umich.edu
AlexWoodhouse awoodhouse@lmnarchitects.com
SamAdjei sam.adjei@rca.ac.uk
NidiaLorena nidia.silva@udem.edu
FridaSofíAFloresSáNchez frida.flores@udem.edu
MiaomiaoHou mmiaohou@gmail.com
AbhinavBhardwaj amanbh97@gmail.com
AmanUpadhayay amanupadhayay.ua@gmail.com
RachaelHenry raahenry@umich.edu
JosePower jose.power@mail.utoronto.ca
SoomeenHahm s.hahm@soomeenhahm.com
NelsonBrito nelsonsilvabrito@gmail.com
KritikaKharbanda kritikakharbanda.manit@gmail.com
TeodorAndonov andonovteodor@gmail.com
SamuelLeder samuel.leder@gmail.com
MathiasMaierhofer mathiaslukasmaierhofer@gmail.com
ClaireMcandrew c.mcandrew@ucl.ac.uk
ProvidesNg 1155017979@link.cuhk.edu.hk
JorgeNunez janunez@iastate.edu
AnastasiaCarver amcarver@iastate.edu
LukeMcdonell mcdonell@iastate.edu
AneeshMandava amandava@iastate.edu
AnthonyRodriguez arch99@iastate.edu
PaavanJoshi pjoshi@iastate.edu
TienHuynh tmhuynh@iastate.edu
MadelynUhl muhl@iastate.edu
CodyGoedken codyg@iastate.edu
JimStoddart james.stoddart@autodesk.com
CameronFrench cafrench@iastate.edu
LukeGehron lgehron@bu.edu
LorenzoVillaggi lorenzo.villaggi@autodesk.com
JasonHalaby jhalaby@wrnsstudio.com
LarissaKorol lr976450@dal.ca
MatthewTurlock matt.turlock@som.com
ZiadAshour zashour@tamu.edu
JackSocha jxsoch@iastate.edu
HaotianMa hm443@cornell.edu
SitongWang sitongw@iastate.edu
JennySabin jes557@cornell.edu
QiaofengChen qiaofeng@iastate.edu
EmiKThornton emik@iastate.edu
HayleeGunnerson hayleeg@iastate.edu
NathanOh ohn@iastate.edu
RyanPiloni rapiloni@iastate.edu
LaraSedele lsedele@gmail.com
TobyEvans toby.evans@mail.utoronto.ca
ShaheGregorian shahegregorian@gmail.com
CarolynNguyen carolyn.nguyen@berkeley.edu
BrandonSchoo bschoo@iastate.edu
KeeganHoldorf kholdorf@iastate.edu
NavjotDhanoa nav.dhanoa@mail.utoronto.ca
EleanorMayes eleanormayes@berkeley.edu
SamanthaGibbs sgibbs@iastate.edu
MohamedIsmail ismail@mit.edu
CemalKorayBingöL bingolck@itu.edu.tr
FrancescaCornacchione francesca.cornacchione@mail.utoronto.ca
AngelaChimienti angela.chimienti@mail.utoronto.ca
ConnorMcdermott cjmcd@iastate.edu
SamarthVachhrajani samarthvachhrajani17@gmail.com
MichaelFritz fritzmi@iastate.edu
NicolasKubailKalousdian nicolas.kubail-kalousdian@icd.uni-stuttgart.de
JaocbHenriquez jacob.henriquez@mail.utoronto.ca
ZikunAn zikun.an@mail.utoronto.ca
AliceDong as.dong@mail.utoronto.ca
RobinYuBinHe ryb.he@mail.utoronto.ca
XiaoyiWu heidi.x.wu@outlook.com
JonathonWiley jwiley@iastate.edu
JasonLow jason.low@mail.utoronto.ca
ZhelunLi jerryli30@yahoo.com
MelissaGoldman meg3kx@virginia.edu
TszYanNg tszng@umich.edu
LeilahSory leilahs@mit.edu
BushraAumir ba364@cornell.edu
ChuiLamJasmineChung jasminechunghk@gmail.com
TanguyKrzymuski tkrzymuski@ethz.ch
OumaimaKabak umikabak@gmail.com
JintongDuan jintong_duan@gsd.harvard.edu
BaitingChen baitingchen@gsd.harvard.edu
KennyKim kennykim@gsd.harvard.edu
JasonLeo oel.nosaj@gmail.com
QuocDang quocdang@gsd.harvard.edu
GerardoCorona gcorona@gsd.harvard.edu
KikiCooper kikicooper00@gmail.com
EstherXie estherxie@gsd.harvard.edu
AnqiZhu anqi_zhu@gsd.harvard.edu
KedrickBrown kbrown@mde.harvard.edu
HyeminGu hgu@gsd.harvard.edu
GabrielaCoca gabriela.coca@mail.utoronto.ca
MaryamLiaghatjoo maryam@cca.edu
SeyedHosseinZargar szz188@psu.edu
JoonkyuShin archiraka@gmail.com
ThomasGomezOspina thomas.gomezospina@ryerson.ca
SukLee suklee@gsd.harvard.edu
ChenhaoMa chenhaoma@gsd.harvard.edu
IbrahimIbrahim ibrahimibrahim@gsd.harvard.edu
GilbertoLozada gilberto.lozada@udem.edu
SpyridonAmpanavos sampanavos@gsd.harvard.edu
YizhenHuang huang42y@mtholyoke.edu
BrianLilley brian.lilley@dal.ca
HanifHaghtalab hanif.haghtalab1290@gmail.com
KilianHoffmann kilian.hoffmann@tugraz.at
SetarehNikfar tiregan.77@gmail.com
MarymAli mariamgamal1111@gmail.com
PhilipBeesley pbeesley@uwaterloo.ca
JiayingQin jiaying_qin@gsd.harvard.edu
JoseSanchez jomasan@gmail.com
MohammadHassanBaqershahi mhassan.baqershahi@gmail.com
MengyuZhao mengyu_zhao@gsd.harvard.edu
PatriciaDuenasGerritsen pduenasg@mit.edu
ChanwooPark chanwoopark@gsd.harvard.edu
EmilyWissemann ewissema@mit.edu
ZixuanLuo zluo@gsd.harvard.edu
ErnestoCarvajal ecarvajal@gsd.harvard.edu
DannyClarke dannyclarke@gsd.harvard.edu
DongyunKim dongyun_kim@gsd.harvard.edu
JumaanahElhashemi jumaanah@umich.edu
MeijingZhang meijing_zhang@mymail.sutd.edu.sg
ZahraGozarnoei zahra_7887@yahoo.com
RakeshRawat rawatrakeshat52@gmail.com
HendrikBenz hendrik.benz@students.iaac.net
SamanthaPires spires@gsd.harvard.edu
YahiaMohamed yahia@iastate.edu
GarrettStirling gs930@iastate.edu
MaggieGhobrial maggie_ghobrial@yahoo.com
NancyYCheng nywc@uoregon.edu
LaureNolte laure@dal.ca
MaheshDaas mahesh.daas@the-bac.edu
AhmedElmaraghy ahmedelmaraghy92@gmail.com
SaraPezeshk speze001@fiu.edu
SamNordmeyer samnord@iastate.edu
ShengzhangPan shengzhang.pan@outlook.com
XueyiWu 1905390013@qq.com
AnahitaKhodadad ana.khodadad@gmail.com
EgemenYıldırım egemen.yildirim1996@gmail.com
BerilÖNalan berilonalan@gmail.com
RichardKeeling richard.keeling@ibigroup.com
HyejinMin hyejin.min@mail.utoronto.ca
NaitikSharma naitik264@gmail.com
ChryssaVarna chryssa.varna@grimshaw.global
OusAbouRas ous@mit.edu
PatrykWozniczka patryk.wozniczka@gmail.com
SelwynBachus selwynbachus@gsd.harvard.edu
SallyChiu sally.chiu@mail.utoronto.ca
CameronStewart cameron@rios.com
MariaAlonsoNovo maria.alonsonovo@mail.utoronto.ca
AnnaWitzke annawitzke@rocketmail.com
PierluigiD'Acunto pierluigi.dacunto@tum.de
SalmaRaji salma.raji@mail.utoronto.ca
KarlMauro km2@iastate.edu
MercedesCooper mcooper1@iastate.edu
AyaRiad aya@ayariad.com
JulietteZidek zidek@umich.edu
CameronWahlberg wahlberg@iastate.edu
OmidOliyan oliyan@silman.com
WenyiZheng wz31@rice.edu
AlanGarcíA aland.garcia@udem.edu
MiladHakimshafaei mhakimsh@ucsc.edu
Hanns-JochenHanns-Jochen h.weyland@stoermer-partner.de
Yyhmuxiye yyhmuxiye@gmail.com
AndreiKazlouski kazlouski.study@gmail.com
AhmetTopcu a.topcu2@newcastle.ac.uk
SayanChatterjee archi.sayanc@gmail.com
MontherAbuhmeidan m.abuhmeidan@gmail.com
HosamMahmoud hossam.abdelghany.ahmed@gmail.com
DalilaTorres dalilaft@hotmail.de
OzgucBertugCapunaman ozgucbertug@gmail.com
IbrahimElhakim 7akim252@gmail.com
JunWang jwang3095@gatech.edu
AlirezaNajibi alirezanajibi93@gmail.com
MichaelSalib michaelsalib.28@gmail.com
PhillisYang p58yang@uwaterloo.ca
BHarshiniO bongole3@gatech.edu
AxelKilian akilian@mit.edu
DanaCupkova cupkova@cmu.edu
MaeMurphy maem@iastate.edu
RamonWeber reweber@mit.edu
SeungminKim seungminkim.kim@mail.utoronto.ca
JulianoPita juliano.pita@usp.br
ColletteBlock csb8ac@virginia.edu
ShrutamPrabhu sprabhu46@gatech.edu
CooperSchilder cooper.schilder@gmail.com
NumaiyaHasan numaiya112@gmail.com
ManiaAghaeiMeibodi mania.meibodi@gmail.com
CassiaBaert c.baert@mail.utoronto.ca
LinjingRao lrao01@syr.edu
NarjesGhashghaei narjes.ghashghaei@campus.tu-berlin.de
NoorKhadher noorkhadher@gmail.com
JianghongDai jayhonx@gmail.com
DanielWong danieln.wong@mail.utoronto.ca
DavidAndreen david.andreen@arkitektur.lth.se
YuukoTyHan tingyu.han@mail.utoronto.ca
MuskanGoel muskan.goel@mail.utoronto.ca
AaronBekker aaron.bekker@stud.th-luebeck.de
NickSenske nsenske@iastate.edu
JasonKellyJohnson jason@futureforms.us
ZahraFarhani zfrhn98@gmail.com
JohnShen johnzixiao.shen@mail.utoronto.ca
JaneScott jane.scott@newcastle.ac.uk
GeorgeGuida gguida@gsd.harvard.edu
SarahNorman snorman@gsd.harvard.edu
NargesGoshayeshisafa narges.goshayeshisafa01@student.csulb.edu
ParisaAsayesh parisa.asayesh01@student.csulb.edu
RobertoCognoli roberto.cognoli@unicam.it
AshwinRajendran rsashwin9598@gmail.com
DilanOzkan d.ozkan2@newcastle.ac.uk
AnaGoidea ana.goidea@arkitektur.lth.se
EmmaCacatian emma_cacatian@dlsu.edu.ph
BaiyazeedHassan md_baiyazeed.hassan.4072@student.lu.se
HannaKlangCoady hannaklangcoady@gmail.com
MarcosFigueiredo designer.marcosfigueiredo@gmail.com
YasamanAghabagheri y.aghabagheri@mail.sbu.ac.ir
OscarMagnusson os3100ma-s@student.lu.se
MaxGrube max.grube@stud.th-luebeck.de
PabloBaquero pablo.baquero@kaust.edu.sa
PartoJahangiri pa5110ja-s@student.lu.se
Jae-HyunAn jaehyunan@mde.harvard.edu
ChongguangYin noah.yin@mail.utoronto.ca
AnaAzhdar anaazhdar@gmail.com
MadinaGusmanova m_gusmanova@mail.ru
LaureenAndalib laureenandalib@gsd.harvard.edu
SnehaMoorthy smoorthy7@gatech.edu
AndrewSundal asundal@hga.com
AsmaAlhilal asalhelal@iau.edu.sa
MartaCygan marta.cygan.stud@pw.edu.pl
SaurabhMhatre smhatre@gsd.harvard.edu
OdedCalderonAshkenazi oded@biosphera.eco
ChristelleKeefer christelle.m.keefer@us.abb.com
ChristiannaBennett christianna.bennett@gmail.com
ThomasWalker reilly.walker@mail.utoronto.ca
SajadEftekharzadeh sa_eftekharzadeh@cmps2.iust.ac.ir
JiaChenMi jia.mi@mail.utoronto.ca
LynnHyunKieffer lhk@aarch.dk
AsalGolmohamadi a.golmohamadi@mail.sbu.ac.ir
VishnukumarRajasekar vishnukumar.rajasekar@mail.polimi.it
MichelleGao michellecy.gao@mail.utoronto.ca
MitraBagheri mitrab@vt.edu
AnniZhang anni.zhang@mail.utoronto.ca
MustafaGandhi mustafagandhi5253@gmail.com
RewaPhansalkar rp589@cornell.edu
AnnaRogde 4004153@stud.aarch.dk
ReyhaneMohammadi reyhaneh_mohammadi@cmps2.iust.ac.ir
EikeStüHrenberg stuehrenberg@ip.rwth-aachen.de
FatemehMouji fatemehmouji@gmail.com
VirginiaMelnyk vemelnyk@gmail.com
AyushKamalia ayush.kamalia@mail.polimi.it
InesAriza ariza@arch.ethz.ch
MaxwellJarosz mxj655@miami.edu
KeithKaseman kk@kbas-studio.com
TanviHarkare tharkare@andrew.cmu.edu
GraceKo eun.grace.ko@gmail.com
SophiaXiao sxiao@gsd.harvard.edu
ShahmirAdnan shahmiradnan@gmail.com
AlexiaAsgari aa776@cornell.edu
SayedMohamadSame s.same@mail.sbu.ac.ir
WillReynolds wreynolds34@gatech.edu
JiyoonBae jb2672@cornell.edu
AliRezaJavaheri alir.javaheri@mail.sbu.ac.ir
ShandraBernath-Plaisted shandra@umich.edu
JudithMendoza jugrace@umich.edu
KwangLee kwanglee@gsd.harvard.edu
MahdiehDarehzereshki m.darehzereshki@mail.sbu.ac.ir
EdithZapata ivana.zapata@udem.edu
MahdiehDarehzereshki mahdiehdz77@gmail.com
GüLsüMKarahan karahanglsm@gmail.com
KiSchmidt ki.schmidt@cca.edu
MovahedeAmirmijani movahede_amirmijani@arch.iust.ac.ir
RahaRastegar raha.mora1@gatech.edu
FarhanDhanani farhandhanani.8@gmail.com
MackenzieBruce mackenzie.bruce1@gmail.com
JonathanGuirguis jonathan.guirguis@mail.utoronto.ca
NicholasSarmas nicholas.sarmas@mail.utoronto.ca
HyunJungShin amyshin78@gmail.com
ZiruiPang zirui_pang@gsd.harvard.edu
ZhiyuLi zhiyu_li@gsd.harvard.edu
YangyunzhiGao asdbeen53@gmail.com
SamuelYip yipsummay@gmail.com
HadisehArbabpour hadisearbabpoor1@gmail.com
JoaquinTobarMartinez jtobar@student.ethz.ch
JhosephChi joseph.chi@aaschool.ac.uk
YanchenHuo yanchen.huo@mail.utoronto.ca
RaminehHadianGhahdarijani ramineh.ghahdarijani@stud.th-luebeck.de
FatemehImanizadehSharifpour fateme.imanizade@gmail.com
NiloofarZolghadrasli niloofar.zolghadrasli@ttu.edu
VictorLeung leungp@ethz.ch
RolandSaekow saekow@berkeley.edu
NikitaKhatwani nkhatwan@andrew.cmu.edu
JacobTersigni jacob.tersigni@mail.utoronto.ca
YufeiGuo yufei_guo@sciarc.edu
ShuoFeng sf522@cornell.edu
FanJingzhe 220200079@seu.edu.cn
TamarNix tamar.nix@campus.technion.ac.il
TristanMorgan tristan@intensivefieldslab.com
JosuaDann joda1509@gmail.com
ShivaAzizi azizishivol95@gmail.com
DanielRuan deltar@umich.edu
AashishSadaphal aashusadaphal95@gmail.com
NourTouma nour.touma@mail.utoronto.ca
ChristianAkiraKawanoKobashikawa a20175869@pucp.edu.pe
MarinaRodriguezDasNeves mrodr1406@fiu.edu
ElenaTugusheva etugu001@fiu.edu
JoshuaMason joshuamason@gmail.com
RobertStuart-Smith rssmith@design.upenn.edu
FatemehMoradalian f.moradalian9@gmail.com
SergejMileski sergejmileski@hotmail.com
NeilGiussepeeDegollarAristondo a20176080@pucp.edu.pe
SeungbinYoo seungbin.yoo@mail.utoronto.ca
GerardoGarciaJuarez artkiteckt@cca.edu
CarlosRiosToto carlos.rios.t00@gmail.com
HsiaoChunHou iris.hou@cca.edu
AlbertoLonghin longlonghin@gmail.com
LisaStopfkuchen lisa.stopfkuchen@stud.th-luebeck.de
ReihanehLari lari.reihaneh@gmail.com
MohammadNavidYazdani navid1375@gmail.com
SaharSafardoost sahar_safardoost@arch.iust.ac.ir
NegarMehrdad ne_mehrdad@arch.iust.ac.ir
TomkeBock tomke.bock@web.de
AfshinMoshfeghi afshin_moshfeghi@cmps2.iust.ac.ir
AliEtemadiesfarjani alitemadi@gmail.com
NiloufarMizani niloufar_mizani@arch.iust.ac.ir
JonathanDessi-Olive jdessiolive@ksu.edu
PatBendall patrick.bendall@uwa.edu.au
MartinKrcma 152781@vutbr.cz
RafaelJimenez rafaelj@iastate.edu
SasaZivkovic sz382@cornell.edu
MatthewWhite mat.a.white@gmail.com
MahshidMoghadasi mm2994@cornell.edu
LingBanLiang banliang_ling@mymail.sutd.edu.sg
DamonLau damon.lau@autodesk.com
YizhouZhao yizhou_zhao@gsd.harvard.edu
DiakoKarimi diyako.karimi@gmail.com
HayriDortdivanlioglu hayri@gatech.edu
WanYan wanyan@cca.edu
MahsaGhoorchian m.ghoorchian@mail.sbu.ac.ir
ZilanWang zilanwang@gsd.harvard.edu
JosephWu josephwu@gsd.harvard.edu
ZitingWang zitingwang@gsd.harvard.edu
MartaNowak martaannanowak@gmail.com
XiangtongWu cathywu@gsd.harvard.edu
FereshtehKhojastehmehr fereshteh.khojastehmehr@uibk.ac.at
EmmaKimmett emmakimmett@gmail.com
SinaMostafavi s.mostafavi@tudelft.nl
SadiWali sadi.wali@mail.utoronto.ca
NermineHassanin nermine.hassanin@mail.utoronto.ca
OmarAbdellatif oabdellatif05@gmail.com
OmarIsmail o.ismail@mail.utoronto.ca
KaterynaKapushchak pinkwinetime@gmail.com
AliaAmerSaeedYaseen eng.aliayasin@gmail.com
AlirezaMohammadi a.mohammadi.95@gmail.com
AnaGatoo ag773@cam.ac.uk
TaraAnand tara.sm.anand@gmail.com
KathrinDoerfler doerfler@tum.de
KwanWooLee andylee0917@gmail.com
MerhnoushNabizadehtorghabeh mehr.nabizadeht@gmail.com
PouriaBagherzadehHomaei pbh99@aut.ac.ir
HekuranMusli hekuran.musli@students.unt.edu.mk
DanielLewycky daniel.lewycky@gmail.com
OferAsaf oferasf@gmail.com
HannahTwigg-Smith htwigg@uw.edu
HughSoward hsoward@opnarchitects.com
KelvinLaw kelvin.tc.law@gmail.com
RoksolanaOzerianska rozerianska@uwaterloo.ca
PengQi p.qi@stud.iuav.it
ElhamKhataei elham.khataei@mail.utoronto.ca
YoanaTaseva ytaseva@outlook.com
BenjaminVolk benjamin.volk1996@gmail.com
PedroRibeiro pedro.arrozeiro.ribeiro@students.iaac.net
YaoLu yaolu61@upenn.edu
AliSeyedahmdian ali.s@eventscapenyc.com
RafaelPastrana arpj@princeton.edu
SkylarTibbits sjet@mit.edu
MateoPacheco mateo.pacheco@udem.edu
RebeccaSmith rebsmi@umich.edu
EsraYaman esrayaman1998@gmail.com
BowenMiao bowen.miao@aaschool.ac.uk
NishaBhathella nbhathel@uwaterloo.ca
SinaHashemi si.hashemi@mail.utoronto.ca
RohitPriyadarshiSanatani sanatani@mit.edu
ArmiBehzad abehzadb@sfu.ca
LeonKamp lkamp@seas.harvard.edu
DianeAlvarez dalvarezbenitez@smith.edu
DaisyZhang d354zhan@uwaterloo.ca
AnahitaModrek anahita.modrek@gmail.com
ChristineSader csader@upenn.edu
OliviaRomert livromert@gmail.com
GiaHienLy lygh43@gmail.com
WenqianMa 1343050390@qq.com
JomanaBaddad jbaddad@student.ethz.ch
SinaRajabi sina_rajabi@arch.iust.ac.ir
FinyaDidszun finya-marie.didszun@stud.th-luebeck.de
SanaJavanshir saanaa.jvn@gmail.com
JanBettray jan.bettray@stud.th-luebeck.de
ChiragSharma chiragrpr@gmail.com
LisaBehrend lisa.behrend@stud.th-luebeck.de
JakaKorla jaka.korla@gmail.com
AnnaPrell anna.prell@stud.th-luebeck.de
DuniaSahir dunia.sahir@gmail.com
NiloufarRahimi niloufarahimi@gmail.com
HanieTabatabaee hanie.tabatabaee1993@gmail.com
BibiNajwa bibinajwa4@gmail.com
ZachKron zachary.kron@autodesk.com
SveaLange svea.lange@web.de
EthanKerber ethan@robotsinarchitecture.com
MahsaFaal m_faal@arch.iust.ac.ir
KunaljitChadha kchadha@ethz.ch
DineshkumarSubramanian sdineshkumarkarur@gmail.com
PhilippCop philipp.cop@mail.utoronto.ca
ClaireMoriarty cmori@upenn.edu
ZiyuanHuang ziyuan.huang@aaschool.ac.uk
BaharehBehzadi b_behzadi@arch.iust.ac.ir
WangWangWang wangisaboy@gmail.com
EllieKingsley ekingsle@uwaterloo.ca
CynthiaZhang cynthiazhang4878@gmail.com
AnggitoJatmiko gitomiko@gmail.com
SamiraAhmed s377ahme@uwaterloo.ca
JiadiDai j56dai@uwaterloo.ca
JessicaLee jyl226@cornell.edu
LoraTarassov ltarasso@uwaterloo.ca
ClaudioSchröDer cs373327@fh-muenster.de
ZahraAkbari zahra_akbari@arch.iust.ac.ir
SanaSalehin sana_salehin@arch.iust.ac.ir
MichaelParaszczak mjp357@cornell.edu
IsabelMoreiraDeOliveira imdo@princeton.edu
JanZawadzki zawadzki.arc@gmail.com
ElhamKhataei elham.khataei@mail.utoronto.ca
BlakeNorris blakenorris@vt.edu
KeertiManney keertimanney@gmail.com
StefanaParascho parascho@princeton.edu
LindsayHaddix lindsayhaddix@fb.com
KM kailingmai@yahoo.ca
NihalMohamed nihal.mohamed@eng.asu.edu.eg
ManuelHorn manuel.horn@stud.th-luebeck.de
NehaNatu neha.natu@avantika.edu.in
SethEmbry seth.embry@yale.edu
FrancesGregor fbg22@cornell.edu
VeselaPetrova vdp22@cornell.edu
JiaqiZheng dxq7nz@virginia.edu
BahramMohammadi mohammadi_bahram@arch.iust.ac.ir
HuiyuanZhang hzhan223@syr.edu
ZehuiChen zehui.chen@mail.utoronto.ca
MinaGhorbanbakhsh mina.ghorbanbakhsh@gmail.com
GianLorenzoGainnone gianlorenzo.giannone@mail.utoronto.com
ThieryFrechette thieryalan.frechette@mail.utoronto.ca
GöKçEAydanIşIk gokceaydanisik@gmail.com
MattGorbet mgorb002@fiu.edu
SajjadJafariGaluyak s.j.galuyak@gmail.com
YichenCheng yichen.cheng@mail.utoronto.ca
RanYan rann.yan@mail.utoronto.ca
JessieValenti jessie.valenti@hotmail.com
ZahraJamaligandomani zahra75jamali@gmail.com
ChristopherVoltl voltl@umich.edu
HoonYoon hy358@cornell.edu
MinyuHuang mh2223@cornell.edu
ZoeDeSimone zd92@cornell.edu
ClaraEscobar claraesde@gmail.com
LateshaFussell latesha.fussell001@umb.edu
LaurenFranco lrf65@cornell.edu
MiladHosseini-Mozari milad@design.utah.edu
BenjamíNMendoza bnjmn@ciencias.unam.mx
KseniyaYerakhavets ky334@cornell.edu
HeatherLech heather.lech@autodesk.com
NishitaVinodrai nishitav@umich.edu
ShujieLiu sl2339@cornell.edu
EngMansura v.i.p.nano@hotmail.com
MatthewConway mconway@dlrgroup.com
MohammadHassanSalehTabari mohammad.saleh-tabari@uibk.ac.at
AdamHeisserer adamheisserer@gmail.com
DavisEddy dwe2he@virginia.edu
KKartik kartik2293299llk@gmail.com
GuershomKitsa kguershom@gmail.com
AlexMaly acadia@alxandr.fastmail.fm
SamuelleBourgault samuellebourgault@umail.ucsb.edu
GrahamDavies graham.davies@mail.utoronto.ca
RadhaKumaran rkumaran@umail.ucsb.edu
EnriqueLacherre enriquelacherre.02@googlemail.com
JohnPeterson jpeterson@mjma.ca
JackIronside jironsideowen@uwaterloo.ca
MartynasSolovejus martynas.solovejus@gmail.com
KelbySandvick kelbysandvick@gmail.com
AlbertMaksoudian albert@almaxdesign.com
ChujunLuo cl9az@virginia.edu
ZhenFu zf95@cornell.edu
Jo-LynnYen jolynn.yen@ucalgary.ca
DavidZhou davidzhou17@berkeley.edu
ElizabethAdams ballet.liz@gmail.com
MatiasDelCampo mdelc@umich.edu
RofydaAhmed rofyda.ahmed99@gmail.com
LeightonBeaman mlbeaman@gmail.com
OmarRamirez omar.ramirez@arktura.com
KalliopiLyviaki karliotisaris@gmail.com
HannaJaglarz hjaglarz@uwaterloo.ca
XiaotongChen xchen774@ucsb.edu
ChiFongWong chifong_wong@gsd.harvard.edu
YunyaLiu u1321281@utah.edu
YoonChai yoon.chai@mail.utoronto.ca
TrevorKemp tk4b@virginia.edu
GermanBrito gbrit018@fiu.edu
BobHwang gybob62@163.com
AliGhazvinian axg1370@psu.edu
JakeBrown jbroski@umich.edu
YangshengLin 1271994082@qq.com
WoohyungKim woohyungkim@cca.edu
NovEw noviaelvina@gmail.com
GabrielleKalouche gabrielle.kalouche@gmail.com
KentEng kent.eng@som.com
XieBinglin blxie1995@gmail.com
ShirleyChen dc4119@princeton.edu
VenessaDavidenko vdavidenko@cca.edu
HenrikIlvesmäKi ilvesmaki@gsd.harvard.edu
HanchengZhang hz584@cornell.edu
MosheBorouchov mb2686@cornell.edu
TetsuoKobayashi tk672@cornell.edu
CatieNewell cnewell@umich.edu
DavidRico-Gomez drico-gomez@cca.edu
CarolKan chmkan@gmail.com
AlvinHuang alvin@synthesis-dna.com
GemmaBrown gemma.brown@nike.com
HongjieKuang jackykuang@icloud.com
AbdillahNanda abdillah.rahmadani@students.amikom.ac.id
RyanManning quirkdee@gmail.com
MasoumehMehrabi mehrabi_masoumeh@arch.iust.ac.ir
AnishkumarVekariya anish.kera2008@gmail.com
SophiaChen szc6@cornell.edu
YuningYe yy4xs@virginia.edu
MinaRadmanesh mina.radmanesh976@yahoo.com
BrandonFranke bfranke@dlrgroup.com
DanielJansenHarianto danieljans8699@gmail.com
IlariaGiacomini ilariagiacomini.994@gmail.com
HungYiLai fred1357944@gmail.com
DylanWood dylan.wood@icd.uni-stuttgart.de
IshitaBansal ishitaba@usc.edu
ChristinaDoumpioti christina.doumpioti@epfl.ch
MinDeng dengmin0519@outlook.com
HenningBrunnberg henning.brunnberg@gmail.com
DorNakash dornakash@campus.technion.ac.il
HuangZhixiong 1034276247@qq.com
DominykasSavickas savickas.dom@gmail.com
MuchenYan muya2051@edu.kglakademi.dk
GustavoJosé guschj@gmail.com
EytanMann eytan.mann@campus.technion.ac.il
EdvardBruun ebruun@princeton.edu
DelaramNazarian delaram_nazarian@cmps2.iust.ac.ir
ZahraTehranisafa z_tehranisafa@cmps2.iust.ac.ir
GanapathyMahalingam ganapathy.mahalingam@ndsu.edu
AsbielSamaniego jas2277@cornell.edu
JoyMondal joy.architect@yahoo.com
HoomanDowlatyari dowlatyari.hooman@gmail.com
MohammadSabery m.sabery95@gmail.com
YuJiang yu.jiang@aaschool.ac.uk
YaobinWang blingbling126127@gmail.com
JackIronside jironsideowen@uwaterloo.ca
AnzuKinoshita anzu.k.2010@gmail.com
MohammadAmirAtrvash m_atrvash@arch.iust.ac.ir
MarianaAraúJoLaranjeira mariana.laranjeira@unesp.br
SagharZiaratian sziaratian@gmail.com
BahiaBurias bahia.burias@dal.ca
AfshinRazmi afshin.razmi@modares.ac.ir
SimonGriffioen sgriffioen@student.ethz.ch
MohamedEtman mohamed.alyetman@yale.edu
MelikaSaadi m.sadi9619@gmail.com
AsyaIlgüN ilguen@student.tugraz.at
Yi-ChinLee yichinle@umich.edu
AndyWatts andy.watts@grimshaw.global
LucasSousaCrespoCrespo lscrespo1999@gmail.com
TingyuHan tingyu.han@mail.utoronto.ca
AfsoonMoosavi afsoon.moosavi@gmail.com
NabilaNuraini nabila.nuraini@students.amikom.ac.id
YanLi yyaann.li@mail.utoronto.ca
DanielBolojan dbolojan@fau.edu
EmmanouilVermisso evermiss@fau.edu
MohammadRezaAalaei mohammadrezaaalaei@gmail.com
ElenaPetrova elena.petrova.21@ucl.ac.uk
SarahMokhtar smokhtar@mit.edu
HangsooJeong hjeong@gsd.harvard.edu
CardinalRobinson cgr56@cornell.edu
NFeihl feihl@ethz.ch
PouriaTofighi p_tofighi@arch.iust.ac.ir
AnitaLin al899@cornell.edu
MyaNguyen waddio98@gmail.com
BegüMSaral begum.saral@tum.de
ChandlerIsbell chandlerisbell@icloud.com
JustinTan jjt93@cornell.edu
ShabnamSalehi shabnamtsalehi@gmail.com
ColinMele cmele028@fiu.edu
EdaBirol ebb75@cornell.edu
EllaDavis u0544336@utah.edu
AugustLehrecke alehrecke@gmail.com
SebastianVelasquez svela057@fiu.edu
HaotianWu haotianw@mit.edu
KaiCostantini kdvcac-mailinglist@yahoo.com
TracyPhan phan.tracy.tt@gmail.com
HoraceChu horacechu1997@gmail.com
BarbaraCamelia bcame012@fiu.edu
GuyGardner gegardne@ucalgary.ca
AnaHerruzo anaherruzopierce@gmail.com
EstefaniaFlores estefania.floresg@udem.edu
ZahraCheraghnia zahra.cheraghnia@mail.polimi.it
JenniferHorowitz jhorowitz@gsd.harvard.edu
IslaXiHan islaxihan@gmail.com
MichaelFox michaelfox@cpp.edu
DimaAlmeniawi almenida@mail.uc.edu
AzariahCole-Shephard azariah.cole-shephard@sjsu.edu
AlbertoFernandez alberto.fernandez.11@ucl.ac.uk
JohnLarson jlarson4@mail.ccsf.edu
HeathMay hmay@hksinc.com
FernandoLima fernando.lima@arquitetura.ufjf.br
MarquesBerry berrymarques@gmail.com
CynthiaKuo ck584@cornell.edu
YangqiYang yy8kg@virginia.edu
DoritAviv daviv@upenn.edu
TimCousin tcousin@mit.edu
BirgulColakoglu colakoglumer@itu.edu.tr
AndreaGuillen-Marte aguil050@fiu.edu
AishwaryaIyer aishwarya.iyer@yale.edu
SarahPascarella sarah.pascarella@student.csulb.edu
ColinMurdock murdock@cca.edu
CarolineSchell caroline.schell@stud.th-luebeck.de
RicardoGarcíAMartíNez ricardo.garciam@udem.edu
KlarissaHernandez klarissa.hernandez01@student.csulb.edu
ChristineLuo yl158@rice.edu
KlarissaHernandez klarissa.hernandez01@student.csulb.edu
TimothyTamulonis ttamulonis@gsd.harvard.edu
IvonneBorja iborjacortez@gmail.com
NataliaCastillo ncast142@fiu.edu
ShiuanDai debbiedai0426@gmail.com
PaulaUribarren paula.uribarren@udem.edu
GabriellaPerry gperry@gsd.harvard.edu
AbdallahKamhawi kamhawi@umich.edu
Z.Wang zheruiw@upenn.edu
AustinPao austin.pao@student.csulb.edu
AnnaSmyslova anuta.smysl@gmail.com
DavidJaco djaco045@fiu.edu
IoannisMoutevelis imoutev@gmail.com
SilanLian s8lian@uwaterloo.ca
ShubhamDeshmukh 1200900025@spav.edu.in
AdelAlBloushi adl.architetto@gmail.com
RoshanakAminzadeh r.aminzadeh@mail.sbu.ac.ir
EkaterinaLichtenstein katja@urbandesigner.io
AditiPutcha aditi.putcha@mail.utoronto.ca
MasakoNishizawa masako12@gmail.com
AmeliaHenry am0527he-s@student.lu.se
RebecaAraujo duque.rebeca@gmail.com
DiellzaElshani diellza.elshani@icd.uni-stuttgart.de
ElhamSoleimanian elham.soleimanian@modares.ac.ir
SaaranyaKumarDasari dasari.saaranyakumar@studio.unibo.it
LandonCragun u1306398@umail.utah.edu
KiranBasi kiran.basi@live.co.uk
KarinHedlund hedlund.karin@gmail.com
YijiangHuang yijiangh@mit.edu
RicardoHeimLonien ricardo.lonien@uel.br
XavierGarnavault xavier.garnavault@student.uliege.be
JaehaKim jk2894@cornell.edu
RickSchutte rick.schutte@mail.utoronto.ca
ErinOdaniel eodaniel@syr.edu
TimFischer tims.designs@yahoo.com
NikolettaKarastathi n.karastathi.17@ucl.ac.uk
XinLiu xinliu@gsd.harvard.edu
YuboZhao yubozhao@gsd.harvard.edu
CameronLeeson cameron@leeson.com.au
MatthewSpremulli matthew.spremulli@autodesk.com
AmandaGioia amanda.gioia@students.iaac.net
TimonMalz t.malz@live.de
IanTing ianting@princeton.edu
DanielTish dtish@gsd.harvard.edu
LauraFegely lfegely@princeton.edu
MartinBucher bucherma@student.ethz.ch
ColleenLudwig ckludwig@oakland.edu
SeyedehGhazalMohammadi gh.mohammadi24@gmail.com
NagineniNikhila nikhilanagineni@gmail.com
MaryamYounesi m.younesi@art.basu.ac.ir
Peng-AnChen anna830929@gmail.com
ElsonLiang e.liang@mail.utoronto.ca
MengxiHe mengxihex@gmail.com
LeidyMurcia lmurc005@fiu.edu
SilyaSarieddine silya.sarieddine@mail.utoronto.ca
LawsonSpencer lls97@cornell.edu
TimVictorio tv3ku@virginia.edu
NathanTremblay nftrembl@ucalgary.ca
TaniaPrysiazhnyk tetiana.prysiazhnyk@ucu.edu.ua
CameronNelson cn339@cornell.edu
ArmanKhalilbeigiKhameneh arman.khalilbeigikha@ucalgary.ca
EmeraldSkyHenley contact.emeraldsky@gmail.com
IanEichensehr ieichens@umich.edu
JiachenDu jiachen.du@mail.utoronto.ca
QiongsenJin qiongsen.jin@mail.utoronto.ca
XiaohengLi xiaoheng@umich.edu
KaterynaGerasymova katerina.harricane@gmail.com
HaiyuZheng haiyuz@umich.edu
ShaghayeghAmirshaghaghi amirshag@usc.edu
پرنیاپرستویی parap2@bfh.ch
MaximilianWacker account@wacker-sp.at
AgnieszkaKilian agnieszka.kiliann@gmail.com
VilmanteDaulenskyte daulenskyte.v@gmail.com
NimaZahiri nima.zahiri@ntnu.no
WingKiuHo wingkiuho@gmail.com
XinranLi lxinran@umich.edu